{
  "project_info": {
    "project_number": "",
    "firebase_url": "",
    "project_id": "",
    "storage_bucket": ""
  },
  "client": [
    {
      "client_info": {
        "mobilesdk_app_id": "1::android:",
        "android_client_info": {
          "package_name": "openverify.replace.me"
        }
      },
      "oauth_client": [
        {
          "client_id": "",
          "client_type": 3
        }
      ],
      "api_key": [
        {
          "current_key": ""
        }
      ],
      "services": {
        "analytics_service": {
          "status": 0
        }
      }
    }
  ],
  "configuration_version": "1"
}
