{
  "images": [
    {
      "filename": "40.png",
      "idiom": "iphone",
      "scale": "2x",
      "size": "20x20"
    },
    {
      "filename": "60.png",
      "idiom": "iphone",
      "scale": "3x",
      "size": "20x20"
    },
    {
      "filename": "29.png",
      "idiom": "iphone",
      "scale": "1x",
      "size": "29x29"
    },
    {
      "filename": "58.png",
      "idiom": "iphone",
      "scale": "2x",
      "size": "29x29"
    },
    {
      "filename": "87.png",
      "idiom": "iphone",
      "scale": "3x",
      "size": "29x29"
    },
    {
      "filename": "80.png",
      "idiom": "iphone",
      "scale": "2x",
      "size": "40x40"
    },
    {
      "filename": "120.png",
      "idiom": "iphone",
      "scale": "3x",
      "size": "40x40"
    },
    {
      "filename": "57.png",
      "idiom": "iphone",
      "scale": "1x",
      "size": "57x57"
    },
    {
      "filename": "114.png",
      "idiom": "iphone",
      "scale": "2x",
      "size": "57x57"
    },
    {
      "filename": "120.png",
      "idiom": "iphone",
      "scale": "2x",
      "size": "60x60"
    },
    {
      "filename": "180.png",
      "idiom": "iphone",
      "scale": "3x",
      "size": "60x60"
    },
    {
      "filename": "20.png",
      "idiom": "ipad",
      "scale": "1x",
      "size": "20x20"
    },
    {
      "filename": "40.png",
      "idiom": "ipad",
      "scale": "2x",
      "size": "20x20"
    },
    {
      "filename": "29.png",
      "idiom": "ipad",
      "scale": "1x",
      "size": "29x29"
    },
    {
      "filename": "58.png",
      "idiom": "ipad",
      "scale": "2x",
      "size": "29x29"
    },
    {
      "filename": "40.png",
      "idiom": "ipad",
      "scale": "1x",
      "size": "40x40"
    },
    {
      "filename": "80.png",
      "idiom": "ipad",
      "scale": "2x",
      "size": "40x40"
    },
    {
      "filename": "76.png",
      "idiom": "ipad",
      "scale": "1x",
      "size": "76x76"
    },
    {
      "filename": "152.png",
      "idiom": "ipad",
      "scale": "2x",
      "size": "76x76"
    },
    {
      "filename": "167.png",
      "idiom": "ipad",
      "scale": "2x",
      "size": "83.5x83.5"
    },
    {
      "filename": "1024.png",
      "idiom": "ios-marketing",
      "scale": "1x",
      "size": "1024x1024"
    },
    {
      "filename": "120.png",
      "idiom": "car",
      "scale": "2x",
      "size": "60x60"
    },
    {
      "filename": "180.png",
      "idiom": "car",
      "scale": "3x",
      "size": "60x60"
    },
    {
      "filename": "16.png",
      "idiom": "mac",
      "scale": "1x",
      "size": "16x16"
    },
    {
      "filename": "32.png",
      "idiom": "mac",
      "scale": "2x",
      "size": "16x16"
    },
    {
      "filename": "32.png",
      "idiom": "mac",
      "scale": "1x",
      "size": "32x32"
    },
    {
      "filename": "64.png",
      "idiom": "mac",
      "scale": "2x",
      "size": "32x32"
    },
    {
      "filename": "128.png",
      "idiom": "mac",
      "scale": "1x",
      "size": "128x128"
    },
    {
      "filename": "256.png",
      "idiom": "mac",
      "scale": "2x",
      "size": "128x128"
    },
    {
      "filename": "256.png",
      "idiom": "mac",
      "scale": "1x",
      "size": "256x256"
    },
    {
      "filename": "512.png",
      "idiom": "mac",
      "scale": "2x",
      "size": "256x256"
    },
    {
      "filename": "512.png",
      "idiom": "mac",
      "scale": "1x",
      "size": "512x512"
    },
    {
      "filename": "1024.png",
      "idiom": "mac",
      "scale": "2x",
      "size": "512x512"
    },
    {
      "filename": "1024.png",
      "idiom": "mac",
      "size": "1024x1024"
    }
  ],
  "info": {
    "author": "xcode",
    "version": 1
  }
}
